id,name,poster_path,backdrop_path
230,The Godfather Collection,/e5iVtjkjM30znn86JsvkBYtvEo1.jpg,/3WZTxpgscsmoUk81TuECXdFOD0R.jpg
263,The Dark Knight Collection,/hGvOMQBD88jAV0olS2DT1AxreHn.jpg,/xfKot7lqaiW4XpL5TtDlVBA9ei9.jpg
573436,Spider-Man: Spider-Verse Collection,/eD4bGQNfmqExIAzKdvX5gDHhI2.jpg,/14F6gMaRjzgsN6EEpiwH87R1I00.jpg
119,The Lord of the Rings Collection,/oENY593nKRVL2PnxXsMtlh8izb4.jpg,/bccR2CGTWVVSZAG0yqmy3DIvhTX.jpg
729322,Gabriel's Inferno Collection,/LdSn17U6ybhtPJT3S6fTNRni5Y.jpg,/hXF55codODfnzTZDExbUbfFmA9y.jpg
119674,Psycho Collection,/2cFhmOImIv5VPbc2ieLRPCFacAh.jpg,/qawcCCyJNcdOpDRuXo5aJJycecY.jpg
10,Star Wars Collection,/gq5Wi7i4SF3lo4HHkJasDV95xI9.jpg,/d8duYyyC9J5T825Hg7grmaabfxQ.jpg
96850,Evangelion Collection,/kv0WrCUZUNiE8lbxPojOT1O7YpF.jpg,/zguc4BSy4cbviHd7di67kifnmzD.jpg
9743,The Hannibal Lecter Collection,/p6MezjrHnrgP1li5YxomRBFdKnp.jpg,/npCbvak9UhjPsZB9Oa2k2jsqI7E.jpg
264,Back to the Future Collection,/5Xsu2o5IsZRuuxCEVZ9nVve21FP.jpg,/AqQotqj7XOI6GjB28nhMMa8YzOT.jpg
836546,White Snake Collection,/xFkrdui47i95gSXjkbDaKWI2ChN.jpg,/4aNytOJbMNk9CTjA8nSQ3dUlASF.jpg
210303,Rebuild of Evangelion Collection,/yYFbJ6Kfugp6ZpgMs1TDWvhAv0a.jpg,/las0P4Dua54XrZ73VQmGUaH1z0U.jpg
531330,Top Gun Collection,/wtpIx0Gsra1IGHH8af5kNK90Xy8.jpg,/eNupRRVv0a4dkVTxOMvG7LhNBaq.jpg
94602,Puss in Boots Collection,/anHwj9IupRoRZZ98WTBvHpTiE6A.jpg,/feU1DWV5zMWxXUHJyAIk3dHRQ9c.jpg
86311,The Avengers Collection,/yFSIUVTCvgYrpalUktulvk3Gi5Y.jpg,/zuW6fOiusv4X9nnW3paHGfXcSll.jpg
702342,Justice League Dark Collection,/hR1aBzl1nzMf8eh8yj8QNzK4Bv7.jpg,/umbb4v3RR63hkJNhuvfI7zuc8Sr.jpg
925155,Demon Slayer: Kimetsu no Yaiba Collection,/q8wplgnax24RuOlUnDBT0hIZ2tr.jpg,/oHx043lHsysn8klll1nPvKMBHLf.jpg
94032,The Lion King Collection,/oG1heUs503GV6xBnFhgyYTGWm05.jpg,/A9IEaj9cPAwEgFnTmteB70oxgJY.jpg
1073290,Rascal Does Not Dream of Collection,/7im32TwK4yc95FGgh7FrkFrLWnK.jpg,/sXquFU7JD3spyfhipHd6lbGEogj.jpg
519564,Las Leyendas Collection,/tzhx0tecvg5Fp4PO0PfCkWJma3t.jpg,/zJ0kBObJ2PZlFEo1NxcdtNsEqSf.jpg
530064,The Shining Collection,/oeuzvbyE1bCsNUndKv1acHbmtmg.jpg,/8L2bt7OWxrVhZPrFPkyZW4rEXzq.jpg
939352,Transformers: Rise of the Beasts Collection,/6sAdtwp5LV0jlNVhefTMEsjP7py.jpg,
284433,Guardians of the Galaxy Collection,/2ibVXP9tVPbEUmnJCyXZ6AmWqwm.jpg,/jdyyjulTBU8YUYAUvQFj6U1g2Pj.jpg
9485,The Fast and the Furious Collection,/yvr1Ziehgps1VJyug8nnezTJRJW.jpg,/z5A5W3WYJc3UVEWljSGwdjDgQ0j.jpg
133352,Resident Evil (Animated) Collection,/i5BkIcEPSXqEcPiwrbwsVjS95FK.jpg,/uj2duAkn6zUmRSbjyEr7XUeIWsJ.jpg
404609,John Wick Collection,/xUidyvYFsbbuExifLkslpcd8SMc.jpg,/fSwYa5q2xRkBoOOjueLpkLf3N1m.jpg
731067,Bird Box Collection,/fWKh5tpyYxiPUbQ5otx6IWYUfpi.jpg,
23456,One Piece Collection,/89eVIW6qPr2x6DrsphrqKQAoMRM.jpg,/3RqSKjokWlXyTBUt3tcR9CrOG57.jpg
228446,Insidious Collection,/w1213HKk1XKSwHiBgjkWghn9biC.jpg,/5FrPZHgbbmTIq0oxpwSGqu5HyXC.jpg
313086,The Conjuring Collection,/z5VKhNSQKQyxm0co68HAkCqHnmX.jpg,/kHZaX0vuhZdbuq0WKU3BpA9WIQ0.jpg
848690,Mortal Kombat Legends Collection,/gwji7KRUN3tUQRiFDbOCkzZxXP8.jpg,/cANyFSat8bE44dK9vOVk5jbEsov.jpg
735127,Extraction Collection,/r3UzhVpENoCb8n2bZPClWdhsSH8.jpg,/gxBbFVb2SUWtHTJQXjwAtEPTWcA.jpg
87096,Avatar Collection,/gC3tW9a45RGOzzSh6wv91pFnmFr.jpg,/iaEsDbQPE45hQU2EGiNjXD2KWuF.jpg
1156666,Culpable - Collection,,
87359,Mission: Impossible Collection,/geEjCGfdmRAA1skBPwojcdvnZ8A.jpg,/jYl0UuJFcmhymv9ZNO14lPLDY1Z.jpg
1570,Die Hard Collection,/fn3aXwADNC0nmJ51GYnkrOseVgB.jpg,/5kHVblr87FUScuab1PVSsK692IL.jpg
99321,Gantz Collection,/4nybjgZf153YzEvRVyaGXckz7rl.jpg,/m5NYwsLPsAxxdrm67RxII19yENV.jpg
422834,Ant-Man Collection,/qxMs5TU6zOTQ7cbmBZ6xGvHUDa2.jpg,/2KjtWUBiksmN8LsUouaZnxocu5N.jpg
742536,The Meg Collection,/7sAnVGMn5he5NZBZCE6fhDpA7fl.jpg,
986072,Becky Collection,/mFJB9lbBzyw2VlRmsmyY3tDyyvq.jpg,/AlD1IP0ThUfoQnDnoDOAudqVyP5.jpg
724848,Shazam! Collection,/7eskWm1guoeWJ0tLV7aXkyvIzcI.jpg,/vNFGaJCPRnGkDJhzZcEZ3llmcvi.jpg
553717,Creed Collection,/c5iwhO9Oqx5zusx0VeaoyxP50Wr.jpg,/qIRBVovMpYsEi5LUXN4WULYXLpC.jpg
84,Indiana Jones Collection,/lpxDrACKJhbbGOlwVMNz5YCj6SI.jpg,/6kh59mZizZsttZPR0HAdXk6Ve2n.jpg
531241,Spider-Man (Avengers) Collection,/nogV4th2P5QWYvQIMiWHj4CFLU9.jpg,/AvnqpRwlEaYNVL6wzC4RN94EdSd.jpg
2602,Scream Collection,/p3EjClFy20jjT0u06dzBs4lvvhi.jpg,/oUcscMECv8DOBsAPCh3KnDZqAC4.jpg
633815,Scooby-Doo! The Mystery Begins Collection,/jMFjeqbyNObFnJVyXUhTGoSinni.jpg,/sp9lRbTgkqY3zooedCMfpR0X2yG.jpg
529892,Black Panther Collection,/qT1JPO6IltC2B39QAriAg7SelMx.jpg,/yzVxUMYGKjK3GgmVI2BhmbuL9UY.jpg
86115,Garfield Collection,/fPCiS9fijCf8zHaddw2QHL6SLgK.jpg,/hamWxhHSk0oZTcX8uj4PnAooM6h.jpg
1130226,Through My Window Collection,/sCD0GuAUoKt2y01xFheu7Hkb8QM.jpg,/5MqZnov12DSGxUhkrOGqqCMy5fb.jpg
947848,Accident Man Collection,/y3VdHSYoMWpIC4LtYHDXEZwM5nn.jpg,
534315,Snowtime! Collection,/3MVqmjlqHteJCVt0sXU8cvTYMbX.jpg,/61n9PN5Puj4uYfa6Zb5O9WHcPNd.jpg
1073029,Wandering Earth Collection,/6qWFQkZfCmDmaAIQlXlBJWNga3k.jpg,/dDG37QLsERXFowAOfWYLwcsag4r.jpg
477962,It Collection,/tZ55C7gPExwzvBLCsZMqFZMbB2I.jpg,/ayvH5IW5eDOa28WfSjnkYMii73d.jpg
1115715,The Mount Collection,,
893713,Sword Art Online -Progressive- Collection,/v5LcEB1Dsjn0BawUEMEAp3H8YXB.jpg,/l3ckDAKoFTOGiMUfSyTigFjLvTg.jpg
1071588,M3GAN Collection,/fS57wFKda3h5dtWS3sc9JffE05R.jpg,/uXEJwb8y67vFLaJb4wvHbSH6PjT.jpg
1099094,Plane Collection,,
1102372,Fall Collection,,/xU4YM7qMFXeqYhrOFL4jVNaHeZi.jpg
131296,Thor Collection,/yw7gr7DhHHVTLlO8Se8uH17TDMA.jpg,/3KL8UNKFWgIKXzLHjwY0uwgjzYl.jpg
948485,The Batman Collection,/tuzKA9K5Ae9IzaA0R9oAgbyhAI3.jpg,/qS2ViQwlWUECiAdkIuEaJZoq0QW.jpg
913258,The Three Musketeers Collection,/qKgZ5e83JjeAyJ2Y2okl0g9YSBH.jpg,
720879,Sonic the Hedgehog Collection,/fwFWhYXj8wY6gFACtecJbg229FI.jpg,/l5CIAdxVhhaUD3DaS4lP4AR2so9.jpg
448150,Deadpool Collection,/30c5jO7YEXuF8KiWXLg9m28GWDA.jpg,/hBQOWY8qWXJVFAc8yLTh1teIu43.jpg
1241,Harry Potter Collection,/eVPs2Y0LyvTLZn6AP5Z6O2rtiGB.jpg,/4gV0rKUjB1nLUdZB4zIltLvNZZr.jpg
131292,Iron Man Collection,/fbeJ7f0aD4A112Bc1tnpzyn82xO.jpg,/rI8zOWkRQJdlAyQ6WJOSlYK6JxZ.jpg
2344,The Matrix Collection,/bV9qTVHTVf0gkW0j7p7M0ILD4pG.jpg,/bRm2DEgUiYciDw3myHuYFInD7la.jpg
987044,Joker Collection,/jmopX21dlCinxmzd8KLOBFeN2P9.jpg,/k1YC7mFLvxX4bbD7P8lkcML0Jek.jpg
131295,Captain America Collection,/2tOgiY533JSFp7OrVlkeRJvsZpI.jpg,/ezEpSQhUQxVKdMx81zaSLsTHv7j.jpg
8945,Mad Max Collection,/cNzCJnG4wstosen59BhydnUkaZJ.jpg,/gwYe803SFwKlCF5y71OicWHUnVD.jpg
618529,Doctor Strange Collection,/7skz5CK46qJm1ekS8Sz3UCOOo8D.jpg,/7gHpxMRnrLvx3BGkmelB11pNrG6.jpg
131635,The Hunger Games Collection,/fPer2U4uQT1dkXTUWODDaLECWoW.jpg,/Ipp7cegtub4t0mu7xaKLQkYoGc.jpg
531242,Suicide Squad Collection,/bdgaCpdDh0J0H7ZRpDP2NJ8zxJE.jpg,/e0uUxFdhdGLcvy9eC7WlO2eLusr.jpg
328,Jurassic Park Collection,/jcUXVtJ6s0NG0EaxllQCAUtqdr0.jpg,/njFixYzIxX8jsn6KMSEtAzi4avi.jpg
1022790,Inside Out Collection,/iLXWQ8034g1tQnAuI8MHqGmPY1Q.jpg,/bR8H6S3Jc2vhPvz2VWX0dQ3XTFV.jpg
295,Pirates of the Caribbean Collection,/p9fXIvNppK21fCHAEkznSZb8hnv.jpg,/wxgD3fB5lQ2sGJLog0rvXW049Pf.jpg
468552,Wonder Woman Collection,/8AQRfTuTHeFTddZN4IUAqprN8Od.jpg,/n9KlvCOBFDmSyw3BgNrkUkxMFva.jpg
453993,The Wolverine Collection,/c18HVnKTybcAUYVQd8rOcdbqwY.jpg,/hbNMx7sxxqvkX8rLOsTryiSrCPY.jpg
137697,Finding Nemo Collection,/xwggrEugjcJDuabIWvK2CpmK91z.jpg,/2hC8HHRUvwRljYKIcQDMyMbLlxz.jpg
435259,Fantastic Beasts Collection,/oqLzqCb2old88cVuXS0SGMHkP7Z.jpg,/2Iripuf9j5vbROHNpkUUiWIIDxE.jpg
556,Spider-Man Collection,/bp5PqLa06QA1LsELA1SsKZ008H7.jpg,/waZqriYTuBE3WqXI3SDGi3kfDQE.jpg
121938,The Hobbit Collection,/gwHNIXA6YeYsI9XgX4g1UmLDCxo.jpg,/7wO7MSnP5UcwR2cTHdJFF1vP4Ie.jpg
137696,"Monsters, Inc. Collection",/4Cp0L58Rg1bSJSsT6uw7OuU4nYc.jpg,/x4Mq7gDRhbqDjw4SkemLvd1yzF3.jpg
10194,Toy Story Collection,/rki5qLuwb0xnnE9seehxO9TlLhW.jpg,/9FBwqcd9IRruEDUrTdcaafOMKUq.jpg
209131,Man of Steel Collection,/rNnIW6xSPeTiIUtsfEhFeIRiJVv.jpg,/csERw2A3XIsGegkzil6UGpyhqfw.jpg
1069584,Gladiator Collection,/bHNRRnCluPs1Rz66426ymN610ws.jpg,/sXuMcx6HLKIBmYFGeDR4MvakIKK.jpg
468222,The Incredibles Collection,/xMX1jZyObVeWUxDQmt53X6jzIO4.jpg,/6oi6V1O9MJRNnfV8E9JMntmFqBD.jpg
125574,The Amazing Spider-Man Collection,/moNJa86FgDYy8SWeDym2gnsLLMa.jpg,/kA09IYsqmso7HASKE3ts7ngaf7p.jpg
2883,Kill Bill Collection,/tf1nUtw3LJGUGv1EFFi23iz6ngr.jpg,/oCLKNACMNrEf4T1EP6BpMXDl5m1.jpg
295130,The Maze Runner Collection,/wQ0l9sq0Bm6OAeqY4w6NWjP9jwS.jpg,/te8ibHFhjwWXZTCtQIPRUFjxWX2.jpg
86119,The Hangover Collection,/x8D6HXhmvdtPhM219J5Rc6ESagr.jpg,/9tpB49XNPEvxEkdsIkJWP0sZWtf.jpg
2150,Shrek Collection,/qNHZMe92A7Pyl46qUH29hVOtbSK.jpg,/gMWrKQjoTIpYjhc8SxZF20EDIES.jpg
391860,Kingsman Collection,/iR8L2XHA72wmYHc6O8LZmwV5hd5.jpg,/4RvHJHSuQUKRzUx8h6a8VAxvbIE.jpg
386382,Frozen Collection,/dwdyvzFX9NEI7oFlRnZurRmlswQ.jpg,/6QonAoIN0jhWZZWZGJswSxHzUnU.jpg
1084247,Zootopia Collection,/3Yu9Zlxo3hJaUJpSRXEexks7jQ9.jpg,/1WDssJDYInLA4Avg45lgy3WM6Ly.jpg
868884,Lucy Collection,/tUTIFGdfsdJ9U8iEc4FZUArWiYn.jpg,/hVYYMWELLoA2lGoouMI3RXQieag.jpg
382685,Now You See Me Collection,/n0ygWnRip5RYnejdI6Lpwxov0x7.jpg,/scBzORmLqP00h8hPKS19TLtyRQm.jpg
558216,Venom Collection,/670x9sf0Ru8y6ezBggmYudx61yB.jpg,/rhLspFB1B8ZCkWEHFYmc3NKagzq.jpg
945984,I Am Legend Collection,/uZ2e6MmBdkce3sq2DgKh3RDNzhR.jpg,
623911,Captain Marvel Collection,/mHiMmryCureDvoAOlGP6o3oXT8Y.jpg,/ubZUKycnQldt2umj0bPD2VwXDJM.jpg
726865,Baby Driver Collection,/iT2MoPGJ3arMUPEjTyTmi6C5ZFO.jpg,/5YdNKuMXZhoIEalATwealQS69WC.jpg
645,James Bond Collection,/HORpg5CSkmeQlAolx3bKMrKgfi.jpg,/dOSECZImeyZldoq0ObieBE0lwie.jpg
748,X-Men Collection,/31rqs6ZxFdi5nWZZaFPIr17q8jt.jpg,/roZFGw3Rg6VOYty9y4r5WvgvXoC.jpg
86066,Despicable Me Collection,/95prV91f4DxkBnLU43YjLbU1m3q.jpg,/37xamYKRUGCRux532lKcZdVGYuR.jpg
102322,Sherlock Holmes Collection,/oXzQIiGl3cZwF0R4Bq88Gf9fcMJ.jpg,/kT4Pz6QY29qHMVKULzNrVHg6Vwg.jpg
261307,Alice in Wonderland Collection,/6H5d0Dx6Pq3jZUOjzJQsKlloWII.jpg,/mRztlAJ2fe67h6m6UgqVv6zCMmk.jpg
8091,Alien Collection,/iVzIeC3PbG9BtDAudpwSNdKAgh6.jpg,/kB0Y3uGe9ohJa59Lk8UO9cUOxGM.jpg
521226,A Quiet Place Collection,/gRj1xzwDLRnSWDeqTQZFOg0y1VB.jpg,/r0uGgKhyYuQgPMe0SZQD7n8aj1g.jpg
573693,Aquaman Collection,/rNQompSTfAG5O2iXSH8Phay4L45.jpg,/5iidzov8DrsSyZdefeo7jBLDNUW.jpg
87118,Cars Collection,/ooYvY9DMEdUHH2dOPHbZmyfMENy.jpg,/A8DqaTGwZ8iCEjWMNRsZumzfKLw.jpg
125570,300 Collection,/n9TSYr78u6QDgOlK2tfcKLeqwSm.jpg,/aMGlbrOwAiqN7VyYHYwwj3CTDfk.jpg
86055,Men In Black Collection,/neo50PMS8QZhl4VdzXAF1Cz3sPz.jpg,/xKz6YaOvmnIJQ3MYIpnaa7FBaAB.jpg
495527,Jumanji Collection,/2uiFzgsGLSA5rI7ElalXEOQub7D.jpg,/9PCsWrw1GvrZkrd1GCxRqscgZu0.jpg
422837,Blade Runner Collection,/qTcATCpiFDcgY8snQIfS2j0bFP7.jpg,/bSHZIvLoPBWyGLeiAudN1mXdvQX.jpg
33514,The Twilight Collection,/aKAX2HO5V94JYeSIkOMFNlRI71E.jpg,/yDq6O2JCbM6sCVn66FzOx1Eqqzx.jpg
531331,Maleficent Collection,/fIDwCnWcjro8XIn6m9nhXypb2PL.jpg,/lTwaU142KVz4wFPjuGq0OKVjl7P.jpg
8354,Ice Age Collection,/stQoHvo0q6ZcEkji2Z1wlAxKnDq.jpg,/vrNxDKVRbsTUUvSdZPDvtGNQL5X.jpg
283579,Divergent Collection,/AuRcFKpgHWInxR7MMomrsV9BPNy.jpg,/z7Vxe0aRexX5Cr8AxE4vR6LgFEu.jpg
89137,How to Train Your Dragon Collection,/hS8y3BcPki0GQKRQeGQVAz6BijK.jpg,/vBSuGU5OyJ5lGamkqXo2kVAe01F.jpg
528,The Terminator Collection,/kpZxdNsAV7qTdTLwKM5NLqa7GEo.jpg,/cpmbkwSxZnKO69V82A9a34tvk2E.jpg
363369,Pacific Rim Collection,/mirLNoHhkBKRZMgpCSoQS33PFkm.jpg,/kiIqPO6IlGnwLmg5is5HS3lM62c.jpg
762512,The Lion King (Reboot) Collection,/dGpIRn4Nqi63JO1RlKxjcPbQSAw.jpg,/jIgM7YNVft0YGeXsqrh3oG5TWLx.jpg
544669,Minions Collection,/yG4ZgrIinuQJGuFQfXZc1fB2UHN.jpg,/62Qe28oi9PaK3P2ljDYUDTGAyST.jpg
8650,Transformers Collection,/634HpDF95NXzfExXfmeDNPEwT3r.jpg,/zvZBNNDWd5LcsIBpDhJyCB2MDT7.jpg
748401,Aladdin (Live-Action) Collection,/sSEUY7BDqGomCZpb0uOI2QEHrMK.jpg,/m3zjBwnYm7AuJVyvd1n8zHxyKE2.jpg
930409,The Battle at Lake Changjin Collection,/j9OrzPaEN7y0TtGAEFmhrsAwfy7.jpg,/iMlbc9rkHfcSkXjeOkCbKxtgAem.jpg
427084,The Secret Life of Pets Collection,/d83LVydlQonKdshwQyLYx48D3LH.jpg,/fAibj0DIT8gk5jQtsEor66QKCsR.jpg
471435,Wolf Warrior Collection,/sLSsC7ra0PVxPd7oM1WOMZZLWCs.jpg,/5OnkBYm7VTFt4jTFB0tMFCQ3zxk.jpg
304378,Independence Day Collection,/AuBMbv3gSAdTaEIzcUySRETIauY.jpg,/ou70x2658dVnbycIRaC37sEeafS.jpg
115776,The Robert Langdon Collection,/mZDeXsVhBxnWD3tGOQ69vKS3WYL.jpg,/j1IqpLhCypllamjKe6C2RstjfEQ.jpg
14740,Madagascar Collection,/UXIxsUbwMpv4v8xXRdT7LX58z9.jpg,/lzTIAbvMeGWB7PUrmBZXulGA28M.jpg
420,The Chronicles of Narnia Collection,/sh6Kn8VBfXotJ6qsvJkdfscxXKR.jpg,/ojjzZUQlqKTsN1T7s5OAVZSjYMH.jpg
982031,Ne Zha Collection,/kW6RaZBMlfXMAtxBTbzLAX6th9M.jpg,
173710,Planet of the Apes (Reboot) Collection,/afGkMC4HF0YtXYNkyfCgTDLFe6m.jpg,/uRRPDjkcavi8HuSYGiqOsLJefhL.jpg
525451,Detective Chinatown Collection,/d5HyPoehE4dnS9RvGsr0Aj2GVkV.jpg,/9RpnmshC8LFe0XIAEsPqXqrEfZY.jpg
77816,Kung Fu Panda Collection,/2QT6PuYXY0T2Ry9rX0JKQYTrbwx.jpg,/uDosHOFFWtF5YteBRygHALFqLw2.jpg
544670,Sing Collection,/h151oRzvsxfKRznEmlQJRlnvsid.jpg,/z9ft5HYHzWcasR6SGcgeluxTznB.jpg
1036499,Hancock Collection,/gav3Ro0znKPzDPdJW6MH5BfxTSE.jpg,/jLThpqWEyYb0WA25gg4pIoIKfJ7.jpg
985311,The Passion of the Christ Collection,/mQIZk7TV8xOHSeuX6O364vylhGs.jpg,/lpZBhgQDkiQCXZBlQh5pY6KLOtT.jpg
458558,Mamma Mia! Collection,/8sOlqezctsaZzn53SC2KtQ3dW6P.jpg,/8lmFjt0Lord5vl6iGx3fRlZrBuN.jpg
464577,The Croods Collection,/xXkgOq23Me45PHXsCPQz5nvmlXt.jpg,/8MjzBahFKCuQbwytpPPds7qboQa.jpg
85943,Night at the Museum Collection,/q2nwE0Qi8U6tsU5HDmiWS2D3dSJ.jpg,/z0nqqHwEY3niKa41kKbR4zhnvHw.jpg
