id,logo_path,name,origin_country
4,/gz66EfNoYPqHTYI4q9UEN4CbHRc.png,Paramount,US
10211,,Alfran Productions,US
97,/7znWcbDd4PcJzJUlJxYqAlPPykp.png,Castle Rock Entertainment,US
536,,The Coppola Company,US
1569,/lvzN86o3jrP44DIvn4SMBLOl9PF.png,Yash Raj Films,IN
56,/cEaxANEisCqeEoRvODv2dO1I0iI.png,Amblin Entertainment,US
10342,/eS79pslnoKbWg7t3PMA9ayl0bGs.png,Studio Ghibli,JP
60,/1SEj4nyG3JPBSKBbFhtdcHRaIF9.png,United Artists,US
10212,,Orion-Nova Productions,
3756,/t38uPdbKmyBB8brKKeTFWIwojRz.png,CoMix Wave Films,JP
882,/iDw9Xxok1d9WAM2zFicI8p3khTH.png,TOHO,JP
2073,/tWxRSaKmRJNTcmtlXsmn5R4KOSU.png,KADOKAWA,JP
8157,/yHOC2PPmj6j2zzRqwdufCZauFxI.png,East Japan Marketing & Communications,JP
14602,/t9eqx5QCHtu8LxxgYzivqrJAosp.png,AMUSE,JP
128617,,voque ting,JP
104184,,Lawson Entertainment,JP
3035,/oi0rqK6jBfG4TbGuczGlVqFAtPL.png,4Kids Entertainment,US
4399,/7bWmbWfxFNSGTCjLHkHn3UjspZS.png,Barunson E&A,KR
429,/2Tc1P3Ac8M479naPp1kYT3izLS5.png,DC Comics,US
923,/5UQsZrfbfG2dYJbx8DxfoTr2Bvu.png,Legendary Pictures,US
9996,/3tvBqYsBhxWeHlu62SIJ1el93O7.png,Syncopy,GB
118865,,Isobel Griffiths,GB
174,/IuAlhI9eVC9Z8UQWOIDdWRKSEJ.png,Warner Bros. Pictures,US
3982,/bli7HkPOXOEWsDwDK0W7XXfeUU2.png,Darkwoods Productions,US
14,/m6AHu84oZQxvq7n1rsvMNJIAsMu.png,Miramax,US
59,/yH7OMeSxhfP0AVM6iT0rsF3F4ZC.png,A Band Apart,US
216,,Jersey Films,US
5,/71BqEFAF4V3qjjMPCpLuyJFB9A.png,Columbia Pictures,US
2251,/5ilV5mH3gxTEU7p5wjxptHvXkyr.png,Sony Pictures Animation,US
77973,/9y5lW86HnxKUZOFencYk3TIIRCM.png,Lord Miller,US
84041,/nw4kyc29QRpNtFbdsBHkRSFavvt.png,Pascal Pictures,US
14439,,Arad Productions,US
12,/5ThIuO93vsk47oexKTSdfKEr7EC.png,New Line Cinema,US
11,/6FAuASQHybRkZUk08p9PzSs9ezM.png,WingNut Films,NZ
5237,,The Saul Zaentz Company,US
21920,,The Steve Tisch Company,
412,,Wendy Finerman Productions,
7508,,PEA,IT
42498,,Arturo González Producciones Cinematográficas,ES
47,/i7Z9ot2o3N5Sa3HrF09kniFs2y8.png,Constantin Film,DE
8880,/fE7LBw7Jz8R29EABFGCvWNriZxN.png,Winkler Films,US
7899,/uYMD8NPD7Eph0cFd1WJZJrot1Fb.png,Cartoon Network Studios,US
6760,/h3syDHowNmk61FzlW2GPY0vJCFh.png,Williams Street,US
7110,,Les Films Ariane,FR
119518,,Cristaldifilm,
1583,/6EFUenZrAK7IBbirooJ4ZLzJpJ5.png,RAI,IT
356,/tSJvuFaLIp7l0ONLUiAHA61GbXu.png,TF1 Films Production,FR
185850,,Forum Picture,
370,,Melampo Cinematografica,IT
92153,/psjvYkjjgAPtS8utnFYDM8t8yi7.png,PassionFlix,US
130588,,MTJJ,
130591,,Beijing Guangying Gongchang Wenhua Chuanbo,
130592,,Dream Castle,
130593,,Heyi Capital,
152035,/fEhyKTooI8sWGZ3vbLY0Bt8nskz.png,"Beijing Hanmu Chunhua Animation Technology Co., Ltd.",CN
130589,,Beijing Jiyin Yinghua,
10717,,Shamley Productions,US
508,/7cxRWzi4LsVm4Utfpr1hfARNurT.png,Regency Enterprises,US
711,/tEiIH5QesdheJmDAqQwvtN60727.png,Fox 2000 Pictures,US
20555,/hD8yEGUBlHOcfHYbujp71vD8gZp.png,Taurus Film,DE
54051,,Atman Entertainment,
54052,,Knickerbocker Films,US
4700,/A32wmjrs9Psf4zw0uaixF0GXfxq.png,The Linson Company,US
25,/qZCc1lty5FzX30aOCVRBLzaVmcp.png,20th Century Fox,US
13113,/xV5tPYKZhP2Ko9dOh5A3FahuKsx.png,A-1 Pictures,JP
2883,/rDYExnBV61jGQnkhVVrPN4Yl7O1.png,Aniplex,JP
17024,,Videocine S.A. de C.V.,MX
96929,,Agencia SHA,
12487,/wUKVwhE1CWpgwNcL5x88zcWjJMI.png,Alebrije Producciones,MX
7965,,The Ladd Company,US
10214,,Embassy International Pictures,US
218,,Rafran Cinematografica,IT
1256,,PSO,US
345,/hj2nqoG2F9COm16fqvM0YpY3jL4.png,O2 Filmes,BR
346,/ymwuRMQkrQojx55MeMO861Rdecz.png,VideoFilmes,BR
856,/z0vTTWBhZggM09oZWSY3hbXgPKv.png,Wild Bunch,FR
11445,,Hank Levine Film,
13969,/bEpiJ2zXGIH70JT16asjWNFtOEv.png,Globo Filmes,BR
11793,,Lumière,
192,/93eAKlnQecDdMtucfOprzcjMw9V.png,Shochiku,JP
286,,Fantasy Films,
13769,,Lynda Obst Productions,
5438,/leZ8GPCL0GneHHayPVnXtB3p0We.png,Kyoto Animation,JP
86839,/cnOJAkVVmKZLIzmgw4fRRZ2dctT.png,ABC Animation,JP
59118,/9nTCEBgGaaI5swkv8gy2vny0Mb5.png,Kodansha,JP
9148,/rtW3NadfF4kR5mTW00ahiFxw6k7.png,Pony Canyon,JP
22715,/c4d6GLfUXbp44dbWWJqWCh7YrnO.png,Quaras,JP
2752,/qEGEoCAV9FWAuohymR5I0vjJMgM.png,dentsu Music And Entertainment,JP
11847,/rZP0I1p3hZNUMNFPHUSal6rWThQ.png,Mitsubishi,JP
6755,/c0ENH8QeZLvCACpzCpwvYMy2SDr.png,Nippon Television Network Corporation,JP
1780,/jdnvUiU7I3Uf2ig0VZNNjf0ORRL.png,Tohokushinsha Film Corporation,JP
1779,/41nGzTdCnORYZIZzaGZtfsBwQCl.png,Tokuma Shoten,JP
12518,/qJZAVb8vx6qFLQJ6cunRkVUJVdB.png,d-rights,JP
2,/wdrCwmRnLFJhEoH8GSfymY85KHT.png,Walt Disney Pictures,US
92437,,DAX Production,JP
157471,/sWoNzrlMtRH8p3zKayLfOaTNmiG.png,Nichion,JP
118286,/uANGoTEOifjrGSQd4IxoV89PJjl.png,Bibury Animation Studios,JP
118502,/JQ5bx6n7Qmdmyqz6sqjo5Fz2iR.png,Nippon BS Broadcasting,JP
41861,/iQ9Av0fDGKDUInp4I5czxhz5fVj.png,GYAO,JP
187769,/hBhVw60TAa5qAT1pNELq1HjpZQ9.png,Good Smile Film,JP
42196,/nQNmHvcmaT0zk1Rf0TYtLYO5MpI.png,Bushiroad,JP
187770,/wrBqL7qMHPOBheZRTlA0Jpz0POF.png,MAGNET,JP
1,/o86DbpburjxrqAzEDhXZcyE8pDb.png,Lucasfilm Ltd.,US
11446,,Lereby Produções,BR
22602,/8IYhcuLMK8cdzlh3sugyOrWYGKJ.png,Brain's Base,JP
7819,/ghFZAt4edln0M7BzDExyYMzUGX1.png,Lotte Entertainment,KR
112850,,Film Momentum,KR
81594,,Michigan Venture Capital,KR
33,/8lvHyhjr8oUKOOy2dKXoALWKdp0.png,Universal Pictures,US
507,/aRmHe6GWxYMRCQljF75rn2B9Gv8.png,Atlas Entertainment,US
250,/evWKasiElVQywuKv2dI72P9twz8.png,Canal+ Polska,PL
208,/bxQYlRhQu6nbohBEL0SWz8xIAGy.png,Bac Films,FR
260,,Heritage Films,PL
264,/fA90qwUKgPhMONqtwY60GaHRyrW.png,Studio Babelsberg,DE
266,,Agencja Produkcji Filmowej,PL
268,/vxMEWcZ4TZ5XaK3fMVM4PRjvUDv.png,FFF Bayern,DE
269,,Filmboard Berlin-Brandenburg (FBB),DE
355,,R.P. Productions,FR
694,/5LEHONGkZBIoWvp1ygHOF8iyi1M.png,StudioCanal,FR
104,/9aotxauvc9685tq9pTcRJszuT06.png,Canal+,FR
6480,/qJUUNzFYXNUDaisssBTV3Zdki9R.png,TVP,PL
265,,Runteam,GB
2026,/q9s9KGhSsFEnpTmLLwprytB3T3d.png,FFA,DE
183947,,NoneMore Productions,GB
11461,/p9FoEt5shEKRWRKVIlvFaEmRnun.png,Bad Robot,US
3324,/dqT3yOTlfJRmtvk52Ccd1O6dZ0A.png,BBC,GB
2266,/owzVs2mguyyJ3vIn7EbgowpUPnk.png,Bold Films,US
3172,/kDedjRZwO8uyFhuHamomOhN6fzG.png,Blumhouse Productions,US
32157,/4hOCk25Ce8s242NItnwtV7aKRWY.png,Right of Way Films,US
24049,/zOHQ0A3PpNoLLeAxRZwSqNV3nPr.png,Sierra/Affinity,US
11341,/xytTBODEy3p20ksHL4Ftxr483Iv.png,Stage 6 Films,US
58,/voYCwlBHJQANtjvm5MNIkCF1dDH.png,Sony Pictures Classics,US
91410,,Den of Thieves,US
69922,/afnIZUPqGAmPh9rFncRGA2vEVwx.png,Taylor Swift Productions,US
4286,,Juno Pix,
65393,,Cecchi Gori Pictures,
2849,/cN3JNIKawjOMtfk0GBVIbsx69bg.png,BONES,JP
139842,/uBixtDwl2hxsugqSOTzEP90kxa0.png,TOY'S FACTORY,JP
11848,,KDDI,JP
170125,/aQ07cYAVuJCmfuCeiaDnmmhdibk.png,Movie Walker,JP
91253,/aD91ywW7l93wk9N0fNX8URMgQSC.png,TBS Radio,JP
10715,,Alfred J. Hitchcock Productions,US
3041,/j9VqEdiNqIkMJKku1UTGMAvmuRr.png,GAINAX,JP
3466,/lmCg0zarmM52wrmsZRUY0QlPKLh.png,movic,JP
21504,,Star Child Recording,
3034,/kGRavMqgyx4p2X4C96bjRCj50oI.png,TV Tokyo,JP
529,/rwB6w2aPENQbx756pBWSw44Ouk.png,Production I.G,JP
1194,/dwkHaFLgtA7CUNbgKK0wB6bospu.png,Kadokawa Shoten,JP
5822,/qyTbRgCyU9NLKvKaiQVbadtr7RY.png,Toei Company,JP
113750,/A3QVZ9Ah0yI2d2GiXUFpdlbTgyr.png,SEGA,JP
11308,,Savoy Pictures,
924,,The Turman-Morrissey Company,
2680,,Kurosawa Production,JP
41,/xAot4SSOIHiWQ2WEnVXYGR1lce9.png,Orion Pictures,US
55072,,Strong Heart/Demme Production,US
31364,,Rakuonsha,JP
136217,/dBYuplhBgeOsGPQOI0LukWNbFWE.png,Bandai Namco Arts,JP
6683,/reCkuk3GEomdx5gQpsm15Zl1sgX.png,Lantis,JP
155271,/z5E1jpLIrwDckeWcMqcPZ9qHvTw.png,Heart Company,JP
155307,,Miracle Bus,JP
71975,,Roy Export Company Establishment,
12516,,Nibariki,JP
67681,,TNDG,
1778,/b5rT6VbYza3LyfltCmz1OcqzWJM.png,dentsu,JP
49096,/dj9VQ8Tqw4OTP8h5JkSOQGpEeMR.png,Yong Film,KR
70884,,Yang & His Gang Filmmakers,
78456,,Touché Films,
7062,/lyjwhVUoPpfBy87TbPpoMTsULHx.png,Dynamo,CO
9,/nda3dTUYdDrJ6rZqBpYvY865aDv.png,Gaumont,FR
66743,,Les Films du Dauphin,FR
1315,,Charles Chaplin Productions,
9195,/ou5BUbtulr6tIt699q6xJiEQTR9.png,Touchstone Pictures,US
10282,,Silver Screen Partners IV,US
184460,,A Steven Haft Production,
1089,,Witt/Thomas Productions,
1757,,Mad Chance,US
12617,/9Wf5DFTvzxo0pSqDp8MQWW3d01.png,Belarusfilm,SU
344,/xenuUvcunUNpbaDOYGhWZERaym7.png,Mosfilm,SU
67089,/1wnxolUB5NHZARmeeZjVXKpGKaI.png,Light Chaser Animation Studios,CN
69484,/2xtmvbEse87LM7OJXVksv7DToZx.png,Alibaba Pictures Group,CN
3212,,Teshigahara Productions,JP
4145,/aEiJyMKr2CxrAJiIdtN70wXqn.png,khara,JP
907,/ca5SWI5uvU985f8Kbb4xc8AmVWH.png,Overbrook Entertainment,US
25287,,San Marco,IT
84409,,Wayfarer Entertainment,US
5490,/xuJSR4dWsvkE194aemIJwflyNF2.png,CBS Films,US
21,/5Va1Ie5c4sjfEYqixQ3L8qg7fKu.png,Metro-Goldwyn-Mayer,US
3464,/9k0nr75nwnNeT2MHerf1OXJN0hj.png,Madhouse,JP
185544,,Rex Entertainment,JP
201821,,Kotobuki Seihan Printing,
4868,/3ExeT4zGXBFU7ei1crOvuzKnc1z.png,Asahi Broadcasting Corporation,JP
201822,,Fangs Co.,
641,/w8flpSJntsxVCMkIU1qeg1kJcJh.png,Titanus,IT
534,,Filmsonor,FR
1826,,Play Art,FR
70,/ueaENQkPcy8rlr5fGZVBXKOhlBh.png,American Zoetrope,US
86824,/kGbzID3zHwCnhVjmMw3lKij2NKx.png,Big Hit Entertainment,KR
7036,/javbyY0ZCvlFJtly3tpZqf2NwLX.png,CJ Entertainment,KR
128333,/cIFX3XS0k5UzJwOi5rvCDlpgzib.png,CJ CGV,KR
137006,,Lanistar Media,
98733,/7V4dUwsU0Op8q7tpGXuzxRYB6O9.png,Motion Content Group,
126639,,CJ Entertainment Turkey,TR
6301,/jma8ZaHq1KAzlXW3v0RswVOWSdn.png,CinéCinéma,FR
7038,/9YDo78sKAy6xxqBwVBT2Vi9FSZl.png,Quad Productions,FR
7766,/rwBbDJAlUC0mAVnO02APsy0O80T.png,Chaocorp,FR
8018,,Ten Films,FR
22123,/zPTy6QDAlCKGeAALZoFEL3QAlut.png,TF1,FR
82819,/gXfFl9pRPaoaq14jybEn1pHeldr.png,Skydance,US
10288,,Don Simpson/Jerry Bruckheimer Films,US
521,/kP7t6RwGz2AvvTkvnI1uteEwHet.png,DreamWorks Animation,US
6246,/7X6pfxldTiOD7MLo2EQqUQlmOUw.png,Medusa Film,IT
27597,,Sciarlò,
611,,Bryna Productions,US
399,,Show East,KR
118802,,Egg Film,KR
685,,Cineclick Asia,KR
420,/hUzeosd33nzE5MCNsZxCGEKTXaQ.png,Marvel Studios,US
2785,/l5zW8jjmQOCx2dFmvnmbYmqoBmL.png,Warner Bros. Animation,US
9993,/2Tc1P3Ac8M479naPp1kYT3izLS5.png,DC Entertainment,US
42811,/2ZPUk3aYOtKbZk1W4Kp6mfeays8.png,Lerche,JP
13839,/125UdB9wgDkY2RNpjgCiKyk3Dll.png,Metafilms,CA
50488,,Sons of Manual,CA
11770,,Liberty Films,US
23948,/uneZYGxTZcwAzmPTTaefmDNWPzN.png,Cartoon Saloon,IE
13351,/sj74baixfiB8uIdTJWzU26E25ef.png,Melusine Productions,LU
142984,,Value&Power Culture Communications,CN
11776,/33JMuTtwY5UhPwkmCEyH1YaCD23.png,Film Fund Luxembourg,LU
1898,/8ix6SGlJiyuUDxLBtY8E0PY2G7w.png,Screen Ireland,IE
30280,/v72EEBRCxGWK2qLJNXUBrFnFpyp.png,Broadcasting Authority of Ireland,IE
726,/hHaQQgxqg2NohqZSxbMTB9E483m.png,Haut et Court,FR
1923,/ilgktofJY7OsURHfccJrug4GKdQ.png,RTÉ,IE
11620,/f3hRdCaK1w9qH1Qs8nLd2L2bae1.png,OCS,FR
142985,/A7x8YrUJNm4S8btV1thTBvtOwvC.png,Pôle Image Magelis,FR
89705,/9lUhHbMr32wzkDgaOMNrzIu66YC.png,Folivari,FR
32853,/y1CUzdA8WOdKzikxTYL4xqCDlqF.png,GKIDS,US
5887,/m6FEqz8rQECnmfjEwjNhNAlmhCJ.png,ufotable,JP
2918,/gyEWUBWwqrm3H5T2hkERD9LxpOq.png,Shueisha,JP
91520,/wdcFLdFVOPEm3uEp6Hb9OXgi5Zd.png,STUDIO MAUSU,JP
62866,/uYawQ0Lb8smRXNNCoq8gTHG92Pz.png,Futabasha,JP
56933,/ogbbk2xvszgQwkf4msNbH5lhsM9.png,Studio VOLN,JP
145105,,Tohan,JP
3031,/2JcgVKZ1gEY5RsLJU1CGj1MaKFj.png,The Asahi Shimbun,JP
84461,/c5rCgOHtg8vSfRumU84w6VZBt8U.png,HALF H・P STUDIO,JP
171656,/4UBohOtIr9DtxylH48Qsg6aDow6.png,Walt Disney Feature Animation,US
29566,/wHbtRtUnXGNzX0riQIpq1fcgueq.png,Atresmedia,ES
101644,,The SPA Studios,ES
164323,,Saul Projects,
6181,/eaQ7or8IoEmPfgmQiU2C5lVZkxS.png,SF Studios,SE
93145,,Deantir,IT
121589,/kZvTniBgpTzAThHCa0OZ1FJtRjy.png,CloverWorks,JP
157002,/hSdroyVthq3CynxTIIY7lnS8w1.png,Tokyo MX,JP
81418,/kW9bMQqnMFtPHvdoyCDpRqh7Gxt.png,Nagoya Broadcasting Network,JP
142186,/bdXTOuU7PdsDtQngyM7vb47zePs.png,Hakuhodo DY Music & Pictures,JP
6735,/pAQW38WU8ychBvYU2aGPTEbynEN.png,Participant,US
7,/vru2SssLX3FPhnKZGtYw00pVIS9.png,DreamWorks Pictures,US
88582,/zf2Akd6JvRZlnd1OacHYaN5dj0k.png,Cinetic Media,US
34725,/ps6SgHZg9656fZuAAtxOva7hivs.png,Moho Film,KR
15662,/onTO8FymA6J6puYznAjZDsXvHYf.png,Studio Chizu,JP
11725,/3OZxd70DZ1LbVelmZK8mR5FIXxO.png,VAP,JP
14789,,D.N. Dream Partners,JP
11727,/cIMyE9cw1W4kMFGxmC17HKTnVz9.png,Yomiuri Telecasting Corporation,JP
1399,,Fair Film,IT
12473,,Incei Film,IT
12989,,Sancro Film,IT
35228,,Shooting Pictures,
140097,,China Wit Media,
140098,,Tianijn Xiron Entertainment,
7909,,We Pictures,HK
140099,,Goodfellas Media,
152608,,He Nan Dian Ying Dian Shi Zhi Zuo Ji Tuan,
152609,,Fat Kids Production,
1875,,Produzioni De Sica,IT
9965,/sxA2AfKijRSS1dxcXejJ27wg20H.png,Ánima Estudios,MX
204533,/fS7UHefROMl8F8kRx0InNnsTT7I.png,Top Draw Animation,PH
89394,/m1Hku3PhgdsQiPO8uVe7szyrxAb.png,RadicalMedia,US
122645,/ujqjqvWtJxP24nAwmRvksaPTDoo.png,5000 Broadway Productions,US
150839,,Nevis Productions,
122647,,Old 320 Sycamore,US
3,/1TjvGVDMYsj6JBxOAkUHpPEwLf7.png,Pixar,US
333,/5xUJfzPZ8jWJUDzYtIeuPO4qPIa.png,Original Film,US
121671,,Shifting Gears Productions,
1708,,Starbucks Entertainment,
88,,Hawk Films,
11272,,Peregrine,
734,,Producers Circle,
152809,,Double Dream,US
170335,,The Disco Factory,US
128064,/13F3Jf7EFAcREU0xzZqJnVnyGXu.png,DC Films,US
82968,/gRROMOG5bpF6TIDMbfaa5gnFFzl.png,LuckyChap Entertainment,US
437,/nu20mtwbEIhUNnQ5NXVhHsNknZj.png,Heyday Films,GB
181486,,NB/GG Pictures,US
6220,/cAj69EL1zSXmZH6STbMGZrunyMD.png,Mattel,US
435,/AjzK0s2w1GtLfR4hqCjVSYi0Sr8.png,di Bonaventura Pictures,US
6734,,Bay Films,US
114732,/tNCbisMxO5mX2X2bOQxHHQZVYnT.png,New Republic Pictures,US
38831,,Tom DeSanto/Don Murphy Production,
2598,/i42C5gRq7XqlG4S9vkchuJZfrBn.png,Hasbro,US
17021,,Lucamar Productions,
2527,/osO7TGmlRMistSQ5JZusPhbKUHk.png,Marc Platt Productions,US
176762,,Kevin Feige Productions,US
106008,/lxEXqPBVaruHI6VtuVzwMLZnfHb.png,Animagrad Animation Studio,UA
116025,,3Beep,US
21652,/o5qeK1nhECoVkuIxMO4T6yBYqwX.png,FILM.UA Group,UA
1225,/rIxhJMR7oK8b2fMakmTfRLY2TZv.png,One Race,US
34530,,Perfect Storm Entertainment,US
198242,,Operator Films (US),
5542,/ayE4LIqoAWotavo7xdvYngwqGML.png,Toei Animation,JP
90508,,Santa Fe Films,US
7220,/dD0x5awPmtx4sAr2pNvkmxkCODh.png,CAPCOM,JP
7164,/vHsaqTkQ2ZTbdqrCA272YahoVlg.png,TMS Entertainment,JP
140891,,Quebico,JP
172244,/lz8CdepJJMQiZZ9Cf192IZkGNAG.png,UNLIMITED PRODUCE by TMS,JP
3528,/cCzCClIzIh81Fa79hpW5nXoUsHK.png,Thunder Road,US
23008,/5SarYupipdiejsEqUkwu1SpYfru.png,87Eleven,US
491,/5LvDUt3KmvRnXQ4NrdWJYHeuA8J.png,Summit Entertainment,US
6704,/fOG2oY4m1YuYTQh4bMqqZkmgOAI.png,Illumination,US
12288,/e4dQAqZD374H5EuM0W1ljEBWTKy.png,Nintendo,JP
188079,,Orphan Studio,
2373,/wcQ30Rj2FP8d8VkAcOYqXCHCmsq.png,Patriot Pictures,US
16322,/pKjLo6lCOYCwfK0efWCfAXqYzaY.png,Itaca Films,MX
162995,,Lost Winds Entertainment,US
11068,/jOdUllzDZRFy0tPIFDEwpP4Mpv4.png,Nostromo Pictures,ES
25998,,Chris Morgan Productions,US
119245,/6F45uVsKpNYANcWvplyhgIFezFU.png,Dylan Clark Productions,US
13778,,Bluegrass Films,US
3341,/dTG5dXE1kU2mpmL9BNnraffckLU.png,Fuji Television Network,JP
155586,/rogLuRSNdqLI9r29ZCzD0i0kfJW.png,Bandai,JP
12502,/tlBbCuZditAuvzDdIDjjnGLJUpc.png,Bandai Namco Entertainment,JP
173235,,ADK Emotions,JP
79,/tpFpsqbleCzEE2p5EgvUq6ozfCA.png,Village Roadshow Pictures,US
34081,,Flynn Picture Company,US
878,/e2AZdsQdkhN0qJhoN4TMYiVPLyb.png,Happy Madison Productions,US
2575,/9YJrHYlcfHtwtulkFMAies3aFEl.png,21 Laps Entertainment,US
14734,,Oren Peli Productions,US
76907,/ygMQtjsKX7BZkCQhQZY82lgnCUO.png,Atomic Monster,US
121204,/vbtvY4IxgUZk713rkmoTO4MHIac.png,BondIt Media Capital,US
139740,,The Squid Farm,
204229,,Dreamspace,
5056,/kADFcjL04xe5HGBnlLjbfhliS2a.png,Head Gear Films,GB
25954,/oga9DS7GZGbZ0iZ4JFuVTBMBv1C.png,Metrol Technology,GB
142494,/7RTnuDThdQwCw8kokDlAVtDMwJI.png,Bohemia Media,GB
18892,,852 Films,
72408,,Kaos Entertainment,
121063,,Red Sea Media,US
130900,,Buffalo 8 Productions,US
1632,/cisLn1YAUuptXVBa0xjq7ST9cH0.png,Lionsgate,US
11565,,The Safran Company,US
3287,/bz6GbCQQXGNE56LTW9dwgksW0Iw.png,Screen Gems,US
106544,/psd84iF7PTGrKf4yFOStKj8JbAh.png,AGBO,US
104576,/sNhEzePPkxW3AKqr3l0h7I1k0hR.png,Filmhaus Films,AT
127928,/h0rjX5vjW5r8yEnUBStFarjcLT4.png,20th Century Studios,US
574,/iB6GjNVHs5hOqcEYt2rcjBqIjki.png,Lightstorm Entertainment,US
22213,/qx9K6bFWJupwde0xQDwOvXkOaL8.png,TSG Entertainment,US
172265,,Sangre Films,CO
172266,,222 Pictures,
92109,/1wOgBio7WGOskOAQ2aTvtCHAdm8.png,Dawn's Light,US
172267,,Elemental Stories,
32485,/fVXreZkiJTOq1cCi6htSQlPSy7R.png,Pokeepsie Films,ES
20580,/oRR9EXVoKP9szDkVKlze5HVJS7g.png,Amazon Studios,US
200553,,Doorbell Productions,
77781,,Lola's Productions,
200554,,Seeon,
185718,,Rock Solid Productions,
4322,/AkdxBRkqgx0bHjjLvIyl0Mu8sxa.png,Compound B,US
185719,,White Snake Golden Dragon,
153486,/389mBiWxOR04XM8233qcRFfx9TN.png,October Media,CN
121042,/c8y6syie4YoN4Pzz62Lvu11UNz0.png,Horgos Coloroom Pictures,CN
4053,,Enlight Pictures,CN
21777,,TC Productions,US
47729,/5NRpQ7xxmODXAjt2pRWUFMLVzvP.png,STX Films,US
2900,,Toff Guy Films,GB
2735,,Mid Atlantic Films,HU
290,/jrgCuaQsY9ouP5ILZf4Dq4ZOkIX.png,Ingenious Media,GB
444,,Dune Entertainment,US
10893,,Big Screen Productions,
12292,/4GQTeqos2luopEtp3OgMQYusQ5c.png,Temple Hill Entertainment,US
34396,/32y3tiWkKJ8uuaB0GaGnvV3AcGa.png,Giant Pictures,
34397,,Origo Film Group,
119056,/vbhwOf0TQ4z12GIytYGWmhPJAOz.png,Particular Crowd,US
20613,/tXbbUdhyQuF6ERC7Qu2BbbaeA1a.png,SC Films International,
155758,,Tea Shop Productions,
78193,/4fFGVQ0XYnkb9n0CbH6xc0aHtBM.png,Mucho Mas Media,US
151485,/8WMlxjc69DhHc8D5wbEN4mkU9rY.png,Silk Mass,US
185127,/lD5UjvX5MsbIwbZJvdC5aee1nwm.png,The Avenue Entertainment,US
76991,/pQjdvbv4y9yuIDSHDEHc9ijJKaS.png,Highland Film Group,US
77863,/7z6YOzvdk70YY8OaRbn5mfxrvbO.png,Studio 8,US
52180,,Solstice Productions,US
158413,,Double R Productions,US
84792,/7Rfr3Zu6QnHpXW2VdSEzUminAQd.png,2.0 Entertainment,US
177894,,Jesus & Mary,
177895,,Worldwide Katz,
177896,,Loyola Productions,
194987,,FFILME.RO,
768,,Ghost House Pictures,US
467,,Renaissance Pictures,US
7893,,Pacific Renaissance Pictures,NZ
129815,/qbCmnVTQEuFqrVkbxn3i9P7Jrcw.png,Wild Atlantic Pictures,IE
3361,/sDKWkiVJRY0gn1j5NBseGKlgFyY.png,Digital Frontier,JP
56242,/1YORRYmg7hgYIgoJek8jU3cykuQ.png,Apelles Entertainment,US
92484,/dfWwoWRp8snHjzDKO5IFkiCAUe7.png,CMC Pictures,CN
150179,,Post Film,
18609,/cYhbt3q231mWEkiMn3WPLCcXXl9.png,BoulderLight Pictures,US
117747,/brD72VA95qgjCtGx0hJEAVUeldW.png,Media Finance Capital,GB
106786,/w1frKfyOXbGcK6kKtRnTNJfmtBv.png,RainMaker Films,US
75355,/avj80RsunqwDbOS6oLp4plRE5UQ.png,Yale Productions,US
62408,,Subzero Film Entertainment,FI
182028,/mTsDayzbpU8eXyO99NfBOXP6C2U.png,Good Chaos,GB
125055,/8iY66HqRqdQdwOjoS3sNvokcH9r.png,Hyperobject Industries,US
20064,/2In7Heq6DuXDjOwPmJqHWkpohaL.png,Next Entertainment World,KR
85150,/dXGvoNR0ni359HmKefOAIMY7WcE.png,Zip Cinema,KR
7270,,Opus Pictures,KR
88607,,Union Investment Partners,KR
3394,,Sundream Motion Pictures,HK
100305,/aVyp89twN22GhC2sZTkRP9gHHeX.png,Seoul Film Commission,KR
197889,,United Pictures,KR
71767,,Carver Films,AU
12142,/rPnEeMwxjI6rYMGqkWqIWwIJXxi.png,XYZ Films,US
148495,/2fQRDickgp9vuDIxJTlDLEs7j0y.png,Proximity Media,US
166120,/fRuHQF9DB4Zl3ha62D5Bpu1a5TL.png,Balboa Productions,US
102334,/baWl2NMe4hiIsoJ94tv32uhYQ7z.png,Outlier Society Productions,US
12252,,Chartoff-Winkler Productions,
181859,,ERO Picture Company,CA
130448,/yHWTTGKbOGZKUd1cp6l3uLyDeiv.png,Project X Entertainment,US
6125,/tzsMJBJZINu7GHzrpYzpReWhh66.png,Walt Disney Animation Studios,US
126588,/cNhOITS96oOV7SCgUHxvZlWRecx.png,Radio Silence,US
143790,/wo1smiXdiwwxai2dwJlRiGwE7rS.png,Spyglass Media Group,US
4811,/7xym5CnL4LcMPaWpp51cN1v73AR.png,Warner Premiere,US
162351,/pcbWKao4b7WTn2USrfgDjxahVN6.png,NBC News Studios,US
122289,,Emperor Motion Pictures,HK
29335,/fUDAcbBjbpO5QmSxro6PJwvRqSm.png,Comcast,US
148024,,北京京西文化旅游股份有限公司,
190261,,"Century Changshengtian Film (Beijing) Co., Ltd.",CN
84946,/bcR1XkyGksliI5y4ii9MaYl3Oen.png,Tencent Penguin Pictures,CN
96956,,猫眼影业,
160975,,华夏电影发行有限责任公司,
200259,,La Vereda Producciones,
73669,/9JmgzVUNvUN5KhZjmiVHEzPtFCc.png,Seven Bucks Productions,US
117188,,Excellent Cadaver,US
86647,,Odenkirk Provissiero Entertainment,US
13184,/pfUB1a62jSMIqp4Xmaq6z2cgW0B.png,Annapurna Pictures,US
107183,/omWPoru2LNayUOBqjMBLP9KrFrP.png,DNEG,US
829,/aXqwCvJSCDbTclkxAYfsT1l4Dsa.png,Vertigo Entertainment,US
9383,/ppeMh4iZJQUMm1nAjRALeNhWDfU.png,Blue Sky Studios,US
1302,/zC3b70ixHh89qJIikLQPEvLqbPM.png,Davis Entertainment,US
48778,/tto2UKph873Xh1ytxfNBgCxT8NO.png,Gravity Pictures,CN
107790,,Flagship Entertainment Group,CN
56241,,Maeday Productions,
7493,/452FO4LcI6lA6bfgl6w1kQYRBlr.png,FilmNation Entertainment,US
71738,/9SiK63A0hOmn3FiLCEqydtE1ZQW.png,Spin Master,CA
2348,/oydqrfwRAm6qqdYbxuMmmPsVi87.png,Nickelodeon Movies,US
8649,/130H7TsGokNIPyGHYZc9ftU3jJ7.png,Mikros Image,FR
82552,/cLEXKtCpRQs0meQwT7HK6u3QmRH.png,Elevation Pictures,CA
3234,/wTPPnz05ZCQgEQVeSOxTkUCyhr5.png,Pierrot,JP
182897,/5jZX93pvheCYowROn9LAz499FC5.png,Wattpad WEBTOON Studios,US
99436,,Six Demon Films,
147717,,Perro Azul,MX
20182,/8q7vbukhNuX9a9EE7AqzeWZEmll.png,CarpeDiem Film & TV,CA
84713,/jrdDt2pV5OF6f4JLOhaGUMT3QO9.png,ON Animation Studios,FR
140008,,The Awakening Production,FR
2902,/vFmmYSgFp8eE6C34JVCXy9bJFmc.png,SND,FR
79650,,Zagtoon,FR
35136,/lhGOKiuEls3KiWigu1hbvrqUP68.png,Method Animation,FR
200503,/bnEHN4Hgp8mhEyJQMFPVcgWeDUI.png,Fantawild,CN
138896,/hKJgmgLUg4OmN0vgvtVoBHdklMe.png,Mediawan,FR
14714,/dSHaVKtBCpMU5VP9wMbTkqov62i.png,China Film Group Corporation,CN
191194,,Guo Fan Culture and Media,
12365,/nwjOaV5QmJ7cbXOBRG4wf8AVeUx.png,Brownstone Productions,US
2723,/rB0dyszYRRR3SAG1tfNRzXoYDYq.png,Lin Pictures,US
87671,/kEEGB5Z2XLYeR3AMt3Qds7vMnvM.png,KatzSmith Productions,US
114874,/lfk5FKLlTBaWqYHLeJs7J9atmNr.png,Signature Entertainment,US
95809,/5ac8LhghlxYKbPSwbXJkgrNfjGF.png,EGG FIRM,JP
162614,/xmP3OMWSfARsUB15rlZyv6yjhsE.png,Straight Edge,JP
162613,/eWF9vlk3e5OH3G0bmVu6WvojKMo.png,Sonilude,JP
1353,/yXhCcOFK5Fy3ZBQwhBYx8Zu9ZIw.png,Hanna-Barbera Productions,US
100848,,Mook Animation,JP
5896,,Cine Bazar,JP
118854,/g9LPNlQFoDcHjfnvrEqFmeIaDrZ.png,Rideback,US
89115,/zQwTHJVIruUlGsa7zIdfXuSm9GG.png,Divide / Conquer,US
120524,/w8NtN5XxhT7oYYaQcJLRM6puuNv.png,Unanimous Media,US
128616,/cjmwexOzetWZa8QKy447NMrM6MG.png,Story,JP
73492,/bQzrYnomE5hIRJMxEy7e2SCYew3.png,MadRiver Pictures,US
103331,/nxkmGpo1Ym74DkBzNtoMz5cl6DJ.png,G-BASE,US
149107,/m5rZejMojEGh6zJyCEzdBdS0ZAy.png,Olive Hill Media,US
76314,/oFiHo3350Nj7bi6oxYMq3Kp6VGC.png,Riverstone Pictures,GB
11053,,Capstone Pictures,US
125401,/zqK2m6vgqAOVyKCGWHkEpqf3GeE.png,BuzzFeed Studios,US
1620,,Nuyorican Productions,US
101405,,6th & Idaho,US
113586,/1ttGM0XnnO82aKJwWp4iBrveK7G.png,The Contents On,KR
162275,,Contents G,KR
162276,,Cheum Film,
11590,/7OOrgnVw0RAX3tq8ikWUmNud8qT.png,Finecut,KR
122323,/gWiaDcDxt0AkSE9hxsUn5naFGRT.png,Raimi Productions,US
133303,/nZzVZZIXkyjb9omN7uiIzOIxgGw.png,Beck/Woods,US
13240,/aTc07YaNHo8WNgkQSnvLmG6w4nW.png,Bron Studios,CA
53152,/8XHHLy8GGTuHM9JMzYjGqxB6oPa.png,Creative Wealth Media Finance,CA
34,/GagSvqWlyPdkFHMfQ3pNq6ix9P.png,Sony Pictures,US
200650,,Relis Pic,
7981,/6Yv1gIAuGkHS5Vis4UjnqHhCPWV.png,Pathé,FR
20339,,Chapter 2,FR
1115,/ntH7T5gsN6wtyrfHGHJDTuneQ7o.png,M6 Films,FR
123175,/sexBzUUok6HAuTc3cg8eRc84TKX.png,DeAPlaneta,ES
4606,/otZHbf1HmzLRQsZFSqJXkf8EHz7.png,ZDF,DE
19037,/tceh2aAORA5JxIZSLQ1GkzTBZDL.png,uMedia,BE
10644,/ocLZIdYJBppuCt1rhYEb2jbpt5F.png,Blur Studio,US
77884,/dP2lxVNctD5Cried0IWVqgrO2o9.png,Marza Animation Planet,JP
30148,/zerhOenUD6CkH8SMgZUhrDkOs4w.png,Bona Film Group,CN
431,/6dcR1MbRqYgt3jUVYxkHe68GFnZ.png,The Donners' Company,US
28788,,Genre Films,US
436,/A7WCkG3F0NFvjGCwUnclpGdIu9E.png,1492 Pictures,US
308,/e8F3mQM7DkJ5SfYYDp8FYzPBOGX.png,The Weinstein Company,US
372,,Groucho II Film Partnership,
1885,/xlvoOZr4s1PygosrwZyolIFe5xs.png,Silver Pictures,US
83036,,Joint Effort,US
11317,/hMboqqmeILXFeOJjuCsn3FvCIT3.png,Phoenix Pictures,US
562,/azANEzu3H3Kztzt63sdjvlzxhuB.png,Appian Way,US
23243,,Sikelia Productions,US
181992,,Mandate International,US
14654,,EMJAG Productions,US
19177,,Red Granite Pictures,US
2537,,Kennedy Miller Productions,AU
41624,/wzKxIeQKlMP0y5CaAw25MD6EQmf.png,RatPac Entertainment,US
6817,,Zehnte Babelsberg Film,DE
6818,,Visiona Romantica,US
682,,Peninsula Films,FR
5420,/dlW4Kh5dNieKNURnymsu57y6fMf.png,Color Force,US
34034,,LStar Capital,US
19092,,P of A Productions Limited,
7297,/l29JYQVZbTcjZXoz4CUYFpKRmM3.png,Fairview Entertainment,US
19231,,Patalex III Productions Limited,
462,,Patalex IV Productions Limited,
130,/c9dVHPOL3cqCr2593Ahk0nEKTEM.png,Jerry Bruckheimer Films,US
9995,/mAIGhOYhN4N2N0F7p4dbKhgXf3l.png,Cruel & Unusual Films,US
1645,/6Ry6uNBaa0IbbSs1XYIgX5DkA9r.png,Scott Free Productions,GB
91797,,Hutch Parker Entertainment,US
36259,,DefyNite Films,US
36433,,MJW Films,US
19551,/2WpWp9b108hizjHKdA107hFmvQ5.png,Marvel Enterprises,US
326,,Laura Ziskin Productions,
10104,/wRn5HnYMGeJHmItRypgOZOC6gwY.png,New Regency Pictures,US
15829,,Pacific Standard,
60682,/uyEGeoWO8xUtMIlEY8ztMZWizu6.png,Artemple - Hollywood,US
77845,,Monarchy Enterprises S.a.r.l.,
8870,,CatchPlay,
10039,/b8w4LldQolMKiLZw4FQJBcXSDGI.png,Anonymous Content,US
13796,,Hong Kong Alpha Motion Pictures Co.,
52660,,M Productions,
14440,,Red Wagon Entertainment,US
21904,,Mill Film,GB
21905,,C & L,MT
21906,,Dawliz,MA
258,,Scott Rudin Productions,US
32300,,Lava Bear Films,US
7294,/kK4PRgceWp9KNrycD8xx8seWxYU.png,Reliance Entertainment,IN
88466,,Xenolinguistics,CA
7505,/837VMM4wOkODc1idNxGT0KQJlej.png,Marvel Entertainment,US
53462,,Matt Tolmach Productions,US
12236,/bVu0qQm4GujSTCvZZz9S3rHDczA.png,Blinding Edge Pictures,US
104228,/hx0C1XcSxGgat8N62GpxoJGTkCk.png,Maximum Effort,US
39121,,Super Cool ManChu,
88934,/5Be96V9WXa7jJInSDPqDOqMBA0o.png,Monkeypaw Productions,US
72725,/gflhJ4lNROXuYMeN4giNrVQvtDw.png,QC Entertainment,US
3281,/pfmb82VUfN9VKB1YuBSY69WVNVm.png,GK Films,GB
90995,,Queen Films,GB
11391,/t6m0uRTzaFHCsvEpikENE0PWJGb.png,Tribeca Productions,US
38145,,Bristol Automotive,US
22146,/jPBtpMh0AUFqf9yfOJXer9d5Rei.png,Black Bear Pictures,US
3672,/5VWXJgYYrJZUE0hixvBdVfGSfmo.png,Gotham Group,US
8569,,Dayday Films,GB
3527,,Green Hat Films,US
520,/pU7YTI9FfrICurXpl5V9TfCO0oJ.png,Pacific Data Images,US
5374,/pMUiImmYANjZUlZFiZMWziQDSs6.png,Marv Films,GB
78995,,Cloudy Productions,GB
33681,/dHx2nsV9AC7IBlKN2dk1FDImvOz.png,Black Label Media,US
10161,,Gilbert Films,US
53247,,Impostor Pictures,US
6896,/2Q89KvzxTKB5BAv9RqFIPI1qb7E.png,EuropaCorp,FR
10611,/zQ4fGaEnNkWfSzyygXRcUZwPmDG.png,Ciné+,FR
10227,/3YfRy3DBl4abcqkzGx4RVNz12yl.png,Mandeville Films,US
19936,,Second Mate Productions,US
7296,,K/O Paper Products,US
23271,,SOIXAN7E QUIN5E,
23272,,See Me Louisiana,
81620,/gNp4dfuBOXmVWdGKb63NfbFNbFi.png,Tencent Pictures,CN
433,,Weed Road Pictures,US
443,/deewJi8ncCh6Sc2STL91wvZ4O5X.png,Big Talk Productions,GB
10163,/16KWBMmfPX0aJzDExDrPxSLj0Pg.png,Working Title Films,GB
762,,Mutual Film Company,
1557,/ccz9bqCu3jSFKbPFnfWmjAKZLBL.png,The Mark Gordon Company,US
28,,Newmarket Films,US
7576,/oYcUi1byZ312Z3xiz5ojz9RQLND.png,Eon Productions,GB
10761,,Danjaq,US
23288,,B23,
7470,,Esperanto Filmoj,US
9168,/hQNXrYIuyLRxMSBuGHk0GX7CCBS.png,Bad Hat Harry Productions,US
31076,,Simon Kinberg Productions,US
9169,,Hemisphere Media Capital,US
23644,,2DUX²,
11956,,Apparatus Productions,
19108,/jWhpxFZd02PbcFtUSiCraifRZTC.png,Latina Pictures,MT
81,/8wOfUhA7vwU2gbPjQy7Vv3EiF0o.png,Plan B Entertainment,US
2609,/ocmrEBfmecJvrbIM4C50vjYWtlq.png,De Line Pictures,US
11249,,Farah Films & Management,
103376,/zIFWe4fwWURazXSjz9tF60ihgbH.png,Access Entertainment,US
16774,,Peters Entertainment,
11084,,Parkes/MacDonald Productions,
367,,Kemp Company,
368,,Splendid Pictures,
80,,The Zanuck Company,US
55512,,Theobald Film Productions,GB
5552,/wdtjT9x5OG7nLusPctACI3i7Im2.png,Media Asia Films,HK
7380,,Initial Entertainment Group,US
43,/4RgIPr55kBakgupWkzdDxqXJEqr.png,Fox Searchlight Pictures,US
9350,/xz60JVoUHpOeg1cJbxzMJiwbuL7.png,Indian Paintbrush,US
23449,,American Empirical Pictures,US
10146,/xnFIOeq5cKw09kCWqV7foWDe4AA.png,Focus Features,US
10059,,This Is That Productions,US
506,,Newmarket Capital Group,US
598,,Team Todd,
34446,,I Remember Productions,
10246,/rREvQNWAxkDfY9CDn2c5YxEMPdP.png,Cross Creek Pictures,US
7503,/3K8wbNkTn7O4wX89ucnp1ZYR1XF.png,Protozoa Pictures,US
449,,Virtual Studios,US
450,,Anarchos Productions,US
23889,,Fünfte Babelsberg Film,
451,/g1GRk1SdwxNwg5J3aXtrqTaXo8k.png,Medienboard Berlin-Brandenburg,DE
215,/tQyeqkCj24krhY2W8qeAztcOS37.png,Double Feature Films,US
1811,/3yDJuCucOl41d9z3712l5gER0Md.png,FilmColony,US
7413,,3Foot7,NZ
285,,Live Entertainment,
26198,,Dog Eat Dog Productions,
23202,,Wigram Productions,US
19855,,Internationale Filmproduktion Blackbird Dritte,
16314,,Roth Films,US
8601,,Tim Burton Productions,
19747,,Brandywine Productions,US
20478,/gSS2OBc6dRsK2ewRx5lcwnARrpl.png,Moving Picture Company,GB
2481,/vOQg26GjR0LnkN1Ph9uyog1UuOE.png,Platinum Dunes,US
2994,,Hollywood Gang Productions,US
2995,,Atmosphere Entertainment MM,US
7636,/e6uCvCNTf0nnery1iaQh6QSgpbn.png,Nimar Studios,BG
6687,,VIZ Media,US
787,/cCefBs1t7jxtiz3eCxBp9yxrxGx.png,3 Arts Entertainment,US
49325,,Parkes+MacDonald Image Nation,
350,/l4cEc8UZ3ZrPLisIOh1iYMKwAVP.png,Radar Pictures,US
5798,/tmuI9BGXgpWLmokhlxpnG3IGNQB.png,Shaw Brothers,HK
4000,,Maverick Films,US
5218,/dhb42ugM9DzSpDctTWCtABPVOW4.png,Imprint Entertainment,US
500,,Goldcrest,GB
57750,,Twilight Productions,US
50481,/mBgGtJJQ9aOpKBnuKXM75kHYT6D.png,Vendian Entertainment,US
7437,/e5CcgFrdlxMUwlsS72si8q1yHBr.png,IM Global,US
7584,/eGkfvvyf4fJTvBUR1xt1669IPA3.png,Screen Australia,AU
10951,/jxfMNlkvI3GxnS41xCSOLD7goVb.png,Screen NSW,AU
455,,Permut Presentations,US
8915,,Pandemonium,
13241,,Demarest Films,
8186,,Bliss Media,CN
94431,,Kylin Pictures,CN
51860,,AI Film,GB
13480,,Haishang Films,TW
133789,,Ingenious Film Partners,GB
32555,,Netter Productions,US
83838,/5jZHAya89oRyQfAgwa1e5rfKmrN.png,Wanda Pictures,CN
7193,,Company Films,US
19961,,Start Motion Pictures,
284,,DNA Films,GB
6705,/e8EXNSfwr5E9d3TR8dHKbQnQK4W.png,Film4 Productions,GB
93105,/asuzX794BM1gCettTxUoLxGNovd.png,IAC Films,US
11749,/5AzTeZkSCFhiGZ86g2nz8SAHtgy.png,20th Century Fox Animation,US
79529,/gVN3k8emmKy4iV4KREWcCtxusZK.png,Torridon Films,US
101829,/8IOjCvgjq0zTrtP91cWD3kL2jMK.png,16:14 Entertainment,US
1088,/9WOE5AQUXbOtLU6GTwfjS8OMF0v.png,Alcon Entertainment,US
78028,/sTFcDFfJaSVT3sv3DoaZDE4SlGB.png,Thunderbird Entertainment,CA
9015,/pRQLCm8AAPXL7H9MzX4xuS8GGg8.png,Worldview Entertainment,US
47169,,Le Grisbi Productions,US
57409,,22 & Indiana Pictures,
171,,Malpaso Productions,US
862,/udTjbqPmcTbfrihMuLtLcizDEM1.png,The Kennedy/Marshall Company,US
1280,,Pacific Western,US
3952,,Hemdale Film,
4764,,Cinema 84,US
7745,,Euro Film Funding,
275,/2MxNWlN5b3UXt1OfmznsWEQzFwq.png,Carolco Pictures,US
183,,Le Studio Canal+,FR
7263,/auaadhBBcvvTDtmW2iJzOrEjfgO.png,FilmDistrict,US
3263,/z0fbODSLBptxVKekL0950Lr71zU.png,OddLot Entertainment,US
11337,,Motel Movies,
46625,,Newbridge Film Capital,
101082,,Double Dare You Productions,US
38833,,Ian Bryce Productions,
147577,/fxEGz64uzjlbfKGIO8n7FAgNIFx.png,YG Studioplex,KR
44337,/iwhtnZBonWETPISDFB1DDWplSzA.png,YG Entertainment,KR
181632,,Movie Bros.,
159161,,August 1st Film Studio,
122328,,Huaxia Film Distribution,CN
3407,/iVMjKOFyRvm9PW45lW1wW6TSvnj.png,Shanghai Film Group,CN
65442,,Beijing Dengfeng International Culture,
76473,,Distribution Workshop,HK
116133,,A Really Happy Film,HK
95816,,Spring Era Film Company,
95817,,Beijing Dongfang International Cultural Communications Company,
76394,,Beijing Century Media Culture,
95818,,Chao Feng Pictures,
95819,,Orange Image,
5219,,Sunswept Entertainment,US
100130,,Tianjin Maoyan Media,CN
149256,,北京大碗娱乐文化传媒有限公司,
149257,,Beijing Cheering Times Culture & Entertainment,CN
98983,,上海儒意影视制作有限公司,CN
347,,Centropolis Entertainment,US
92693,/rMKRo8kFoJKxZr0MFEVRoZ8b54E.png,The Detective Agency,US
2691,/Uas6Nps2Y58s9eRyoTHXgfEuZj.png,Infinitum Nihil,US
10905,,Farewell Productions,
7295,/62E1B91PxZw8q4KNkge5Qemo7EM.png,Relativity Media,US
48499,,F & F VI Productions A.I.E,
23,/bJOFo2ufq7iFC1F4qZm8aLxF5aS.png,Imagine Entertainment,US
8253,,Skylark Productions,
10221,/99VfWRgKasZoyK9UVB39gnYvFrZ.png,Walden Media,US
79503,,C.S. Lewis Company,
17818,/a0dRBd4hPab4KjmbiIJpNwRfIVD.png,Beijing Enlight Pictures,CN
167789,,Chengdu Coco Cartoon,CN
153464,,Film Carnival,
153465,,Rocket Science 3D,
153466,,Its Just Us Productions,
172,,NPV Entertainment,US
105052,,Roth-Kirschenbaum Films,US
7490,,TSBD Canada Productions,
58321,,TSBD Louisiana,
58322,,TSBD Productions,
6446,/bzINKKiM2w4mUU2TAEU7FqnP7xa.png,Total Entertainment,BR
7076,/8BFxn9NUWSgp0ndih569Gm62xiC.png,Chernin Entertainment,US
143191,,Hurwitz Creative,
189906,,Beijing Yitong Legend Films,
2269,,China Film Co-Production Corporation,CN
148030,/4kegl7jMg4uSYDTSWocPtMU7o9Y.png,壹同制作,CN
69485,,Odin,
98750,,Huanxi Media Group,
10284,/exHkNlEIVPzpmhyXdxjis9YIBz4.png,Edko Films,HK
158,/jSj8E9Q5D0Y59IVfYFeBnfYl1uB.png,Spyglass Entertainment,US
915,/4neXXpjSJDZPBGBnfWtqysB5htV.png,Hollywood Pictures,US
17032,,Barry Mendel Productions,US
41756,,GH Three,US
28064,,Blue Light,US
675,,Forward Pass,US
6736,/cdCAYeb3K3Ajhn1tfXHPSfT1KzB.png,Imagenation Abu Dhabi FZ,AE
20154,,Mad Hatter Entertainment,US
76068,,Digital Image Associates,
152,/ttbRwgVW7EoVOS4Af7MnyxFM0FM.png,Icon Productions,US
34441,,Littlestar,GB
4171,/ip8rzankhLLhJGGkvfCirfUM26d.png,Playtone,US
2655,,Internationale Filmproduktion Richter,DE
44,,Cruise/Wagner Productions,US
11345,/xhnnHfsqEimD4r0QeUz3GSvcv73.png,Stillking Films,CZ
41053,,Casino Royale Productions,
22790,,B22,
109462,,The P.L.A Navy Government TV Art Central of China,
109463,,Star Dream Studio Media,
109464,,Emperor Film Production,HK
109465,,Film Fireworks Production,
83809,,ZAK Film Productions,
20035,,Sun Canada Productions,CA
